H3 resolution;Average Hexagon Area (km2)
4;1,770.347654491
5;252.903858182
6;36.129062164